﻿<?xml version="1.0" encoding="UTF-8"?>
<spawnpoints>
  <spawnpoint position="2098,0,1925" rotation="0,0,0" />
  <spawnpoint position="3084,0,1534" rotation="0,0,0" />
  <spawnpoint position="2730,0,1383" rotation="0,0,0" />
  <spawnpoint position="2104,0,1880" rotation="0,0,0" />
  <spawnpoint position="3017,0,1762" rotation="0,0,0" />
  <spawnpoint position="3110,0,1665" rotation="0,0,0" />
  <spawnpoint position="2114,0,2187" rotation="0,0,0" />
  <spawnpoint position="2113,0,2344" rotation="0,0,0" />
  <spawnpoint position="3461,0,1342" rotation="0,0,0" />
  <spawnpoint position="2114,0,2169" rotation="0,0,0" />
  <spawnpoint position="3024,0,1707" rotation="0,0,0" />
  <spawnpoint position="2733,0,1353" rotation="0,0,0" />
  <spawnpoint position="3118,0,1428" rotation="0,0,0" />
</spawnpoints>