<spawnpoints>
 <spawnpoint rotation="0,0,0" position="2098,0,1925"/>
 <spawnpoint rotation="0,0,0" position="3084,0,1534"/>
 <spawnpoint rotation="0,0,0" position="2730,0,1383"/>
 <spawnpoint rotation="0,0,0" position="2104,0,1880"/>
 <spawnpoint rotation="0,0,0" position="3017,0,1762"/>
 <spawnpoint rotation="0,0,0" position="3110,0,1665"/>
 <spawnpoint rotation="0,0,0" position="2114,0,2187"/>
 <spawnpoint rotation="0,0,0" position="2113,0,2344"/>
 <spawnpoint rotation="0,0,0" position="3461,0,1342"/>
 <spawnpoint rotation="0,0,0" position="2114,0,2169"/>
 <spawnpoint rotation="0,0,0" position="3024,0,1707"/>
 <spawnpoint rotation="0,0,0" position="2733,0,1353"/>
 <spawnpoint rotation="0,0,0" position="3118,0,1428"/>
</spawnpoints>
